ticker,company,sector,price,signal,buy_score,quality_score,composite_score,overheat_score,ev_to_sales,ev_to_fcf,net_debt_to_ebitda,current_ratio,revenue_growth,eps_growth,roic,gross_margin,fcf_margin,change_6m,change_1y
ADBE,Adobe Inc.,Technology,245.99,BUY,15,12,27,0,4.142759375127796,9.819026364253174,0.03279352226720648,0.9118525021949078,0.10527784236224134,0.34485530546623805,0.3739574104782063,0.8910154173312068,0.42191142191142195,-32.77125,-36.8625
APP,AppLovin Corporation,Technology,439.92,WATCH,9,12,21,2,25.790027537977775,37.975987841815005,0.2531164353678591,3.3219612112269714,0.16381999843711778,1.1025641025641026,0.5823408330808151,0.8648425943596743,0.6791140666413584,-32.27728,43.41788
FTNT,"Fortinet, Inc.",Technology,83.12,BUY,7,12,19,0,8.870085357815165,27.097238026327613,-0.610814555234098,1.1720699245133095,0.14167702071929883,0.0701754385964913,0.28748888442172366,0.808429907641626,0.3273427848696982,-1.29438,-15.57136
GILD,"Gilead Sciences, Inc.",Healthcare,141.11,BUY,9,12,21,0,6.528251348413831,20.328374003172925,1.3205118262892594,1.6833996444594939,0.023961883564025874,17.0,0.2024534223512997,0.8079953807485905,0.3211398682154745,23.68306,33.28611
BKNG,Booking Holdings Inc.,Consumer Cyclical,4294.29,BUY,10,12,22,0,5.220171245532563,15.462897481677121,0.2267549094065314,1.3333333333333333,0.1338725304351489,-0.048239597622313654,0.5082313329686815,1.0,0.3375933424973065,-21.12522,-6.42271
NVDA,NVIDIA Corporation,Technology,178.56,WATCH,10,12,22,2,20.10163946942178,44.89953891087757,0.005582766063423543,3.905263812455306,0.654735357900948,0.6599326599326597,0.6288038473944232,0.7106808435754708,0.4477025812964833,1.06979,50.64541
V,Visa Inc.,Financial Services,299.71,BUY,6,12,18,0,14.115960033847937,25.482977222653524,0.2415271769794997,1.1113333968435426,0.1133997661860491,0.04928131416837787,0.307933324782277,0.8107801212824044,0.5539368461742891,-12.26545,-11.72018
MA,Mastercard Incorporated,Financial Services,491.14,BUY,8,12,20,0,13.606930675032782,26.10489490785163,0.3898682777062494,1.0349705649767156,0.16416373770724607,0.18893678160919547,0.48628291591916467,0.8343142935561587,0.5212405843066694,-15.92372,-8.43432
CDNS,"Cadence Design Systems, Inc.",Technology,287.4,WATCH,5,11,16,0,14.69553936662023,49.050500941484074,-0.27833753821241725,2.855560875709583,0.14123200059294191,0.05141388174807191,0.1411122159508276,0.8636488841572743,0.29960018928556126,-23.02129,11.17988
ZTS,Zoetis Inc.,Healthcare,116.025,WATCH,5,11,16,0,6.159758086616669,25.542895228208497,1.7575238561291902,3.0281879194630874,0.022796024200518582,0.10237659963436939,0.21539645948706918,0.704869546846942,0.2411534805112496,-20.46545,-28.88882
ANET,"Arista Networks, Inc.",Technology,136.26,BUY,11,11,22,0,18.8354363294358,39.889542129620914,-0.4998854582940922,3.0478936110852786,0.28595907526666764,0.2290748898678414,0.2264182384087966,0.6405609780472368,0.4721898353265155,-8.9232,64.22803
ABNB,"Airbnb, Inc.",Consumer Cyclical,130.79,BUY,9,11,20,0,6.0385125723388615,15.964888206911446,-1.766116352201258,1.3771704886804894,0.10259412718429112,-0.02147971360381879,0.19163705554746566,0.8295890858589985,0.37823707213462954,2.95183,3.67816
EXPE,"Expedia Group, Inc.",Consumer Cyclical,239.41,BUY,7,11,18,0,1.8805812468607885,7.498404197564276,-0.10760602874167544,0.7323647715675091,0.07610839237455262,0.09904153354632585,0.1639414337672174,0.8862417701757959,0.25079752935586774,7.63386,38.31533
INTU,Intuit Inc.,Technology,455.24,BUY,13,11,24,0,6.524203473833309,19.194838148413513,0.6977662969153624,1.3232700135685211,0.15634019035922628,0.3062381852551985,0.1642489982224892,0.812285671686298,0.3398936434570846,-33.8237,-24.17974
MCO,Moody's Corporation,Financial Services,435.8,WATCH,6,11,17,0,10.654876911116869,29.161113475177306,1.2765355949627346,1.7396846695739685,0.08888261851015801,0.2128975265017668,0.2088597428292729,0.6816532780513086,0.365379632029023,-9.34809,-5.2176
MSFT,Microsoft Corporation,Technology,389.02,BUY,9,11,20,0,9.781212109882699,38.59479903115796,0.5171878673877263,1.3860236144763662,0.1493215623240672,0.1551433389544688,0.21118263773925158,0.6858632915702252,0.2534334251095913,-24.88946,0.56354048
MO,"Altria Group, Inc.",Consumer Defensive,65.07,WATCH,6,11,17,0,6.2406081251315415,14.37801999823672,1.9845794392523364,0.6056368800524361,-0.01491880258266484,-0.3715596330275229,0.2822595585864554,0.695589782837463,0.43403807519372434,0.27739251,12.01584
KLAC,KLA Corporation,Technology,1511.52,AVOID,10,11,21,4,15.883721194023012,46.222755354567944,0.648072603032967,2.77043856177771,0.23887647752854163,0.4958353748162666,0.36807118420612217,0.618897931141411,0.3436342353929645,44.66937,110.97061
VRTX,Vertex Pharmaceuticals Incorporated,Healthcare,458.05,BUY,7,11,18,0,9.564344098883572,36.0509111403344,-0.24955484699159386,2.9009116336890086,0.09568878685311386,8.432692307692307,0.16247187922752243,0.8628306087187666,0.2653010366826156,19.55784,-10.21796
NVO,Novo Nordisk A/S,Healthcare,37.075,WATCH,6,11,17,0,3.750162400580462,20.629364092499642,0.6502386419499567,0.7996485224495852,0.023388856175728213,0.017203352448169253,0.2952694141131906,0.8097869696891259,0.18178759091968008,-39.61726,-52.94454
MRK,"Merck & Co., Inc.",Healthcare,114.23,WATCH,4,11,15,2,4.897484095045454,25.759736124838188,1.3673653691198424,1.5362022099057437,0.01313738935294851,0.076923076923077,0.20833826770420766,0.8150005383704296,0.19012167171709402,40.14231,20.58482
MU,"Micron Technology, Inc.",Technology,444.27,AVOID,15,11,26,4,8.5399783097438,22.50238016883529,-0.1421919495112753,2.89682428651371,0.48851101111066864,9.928571428571429,0.32327749303429537,0.5843699994838177,0.37951444450179794,173.01051,331.3301
PAYX,"Paychex, Inc.",Industrials,91.71,WATCH,5,11,16,0,6.0361465783324215,17.701824952126366,1.314532482162974,1.2653420630299244,0.055586078851145256,-0.019189765458422332,0.1723359799944023,0.7336217040388472,0.34099007275559756,-29.45385,-36.85189
PM,Philip Morris International Inc.,Consumer Defensive,163.37,BUY,7,11,18,0,7.338066886956308,27.970531022224304,2.5174941304472314,0.9581547174263578,0.07312952109403875,0.6048565121412802,0.2556036752449219,0.6711769336744735,0.2623499311159221,0.25774778,7.14895
PLTR,Palantir Technologies Inc.,Technology,155.68,AVOID,10,11,21,6,79.48371304223087,169.26465033836968,-0.7019942228641262,7.109823993412619,0.5618339093221548,2.2857142857142856,0.17915135419928033,0.8236651721415028,0.46958247267423175,-14.64444,78.14395
TTD,"The Trade Desk, Inc.",Technology,23.51,BUY,13,11,24,0,3.7870512000894943,13.931439796979847,-0.3010933797323011,1.6108416511099062,0.18465611733489964,0.15,0.13381761350359658,0.7862547319254604,0.2718348753091893,-47.1329,-57.9051
AVGO,Broadcom Inc.,Technology,319.84,WATCH,10,10,20,2,22.96845222973844,54.24689063508699,1.333102083815103,1.9017735334242838,0.23874432853763525,2.866141732283465,0.17642511797786753,0.6709235230368179,0.42340587563340265,-7.27663,67.85977
ABBV,AbbVie Inc.,Healthcare,206.21,WATCH,5,10,15,0,7.002274884973839,22.900333242339983,2.24944347082642,0.6713483794959458,0.08566762523520431,-0.008333333333333342,0.10566431748811746,0.7333551340745585,0.30577174623937214,-7.30885,-2.71278
ASML,ASML Holding N.V.,Technology,1366.39,AVOID,9,10,19,4,13.805550586733522,40.67113932940741,-0.8223029638998768,1.2617963311751201,0.15583680372502468,0.2846753246753247,0.35523951196076076,0.5282989411429778,0.33944341895412233,46.58478,86.14146
GOOGL,Alphabet Inc.,Communication Services,307.13,WATCH,10,10,20,2,9.324004495760777,51.27451624709961,0.22870756732227251,2.005333592875566,0.1512636492980361,0.3419434194341942,0.21813386891449113,0.596591247542839,0.18184480670333378,20.57553,88.65479
CRM,"Salesforce, Inc.",Technology,194.99,BUY,11,10,21,0,4.637077309211318,13.369992727746148,0.7739882121807465,0.760331914435045,0.09579100145137881,0.21894409937888185,0.08755926406431387,0.7767609873570138,0.3468272125225767,-21.08543,-30.11863
AMGN,Amgen Inc.,Healthcare,349.92,WATCH,7,10,17,0,6.366927597595801,28.901921090864196,2.4335099266870017,1.1399819529993331,0.09924006701771182,0.8805774278215223,0.12683390978636636,0.7048872691669613,0.22029426962930732,22.60257,11.07161
VEEV,Veeva Systems Inc.,Healthcare,185.59,BUY,13,10,23,0,9.132836981752323,20.893582320297213,-1.3859902851197106,4.885373499745885,0.1633615729010831,0.2585034013605441,0.09480924483793825,0.7552604425672493,0.4371120682775479,-33.19054,-21.31015
PCTY,Paylocity Holding Corporation,Technology,110.9,BUY,13,10,23,0,3.599652795234078,13.608838934332136,0.033684059485188114,0.06757614492570871,0.13740031300913003,0.10869565217391301,0.18267297522657305,0.6897494687694802,0.2645084428292364,-32.46864,-41.86107
QCOM,QUALCOMM Incorporated,Technology,131.28,BUY,11,10,21,0,3.2947369169545544,11.436249516710506,0.5542045868219876,2.505396049684382,0.1365946306657769,-0.4433443344334434,0.12011719371818702,0.5510063075311477,0.28809592796487393,-21.31855,-16.88509
NTAP,"NetApp, Inc.",Technology,103.09,BUY,11,10,21,0,3.2080846987628555,13.37665645991299,0.61731843575419,1.372565386755704,0.048500319081046586,0.22573839662447243,0.18922563645542062,0.704575942763452,0.23982709792815618,-17.63343,11.93268
AAPL,Apple Inc.,Technology,248.96,WATCH,7,10,17,0,8.503771756940157,30.03784779477637,0.2954130959151256,0.9737446648641658,0.0642551178283274,0.22585924713584285,0.5101222472800643,0.4732528803972297,0.2831018991453501,1.40937,16.28211
NOW,"ServiceNow, Inc.",Technology,113.27,BUY,13,10,23,0,8.88367374604609,25.777408216783215,-0.17335101093801789,0.9461840467298669,0.20884923525127458,0.22463768115942034,0.0897785229836507,0.7753426720891701,0.3446302153938846,-41.07579,-31.27654
MCD,McDonald's Corporation,Consumer Cyclical,309.58,WATCH,2,10,12,0,10.227177296113075,38.26296432034511,3.6920133907221424,0.9545975693648245,0.03722993827160494,0.04803493449781666,0.17438080563111963,0.5741119583410824,0.26728659103589364,2.38111,0.84039088
LRCX,Lam Research Corporation,Technology,233.99,AVOID,11,10,21,4,14.129169142607788,43.60855569170881,-0.22618995246349174,2.2561850641695127,0.23684089764599187,0.4329896907216494,0.38614021635177453,0.49801415644303365,0.32399993346475664,84.36023,201.72792
LLY,Eli Lilly and Company,Healthcare,917.5,WATCH,11,10,21,2,13.842056989214319,100.55856358671423,1.265011723014694,1.5791132054047916,0.44704913337788366,0.9557823129251701,0.3019606547698144,0.8379232574909097,0.1376516976326731,22.0096,8.89303
JNJ,Johnson & Johnson,Healthcare,237.6,WATCH,7,10,17,0,6.378562840242905,30.501369154787287,0.7082559598494353,1.027676163027011,0.06048119251078011,0.8886986301369862,0.13711199990173623,0.7278460182816133,0.2091238202414192,34.85442,45.74899
META,"Meta Platforms, Inc.",Communication Services,606.7,BUY,9,10,19,0,7.849638417901536,34.212636020993735,0.45321052432901743,2.5987666124868536,0.2216703849824621,-0.02559934985778135,0.17950279862720422,0.8199944269179861,0.2294368201586338,-22.05607,3.53242
REGN,"Regeneron Pharmaceuticals, Inc.",Healthcare,737.45,WATCH,6,10,16,0,5.313487273633645,18.676832892292612,-0.07084665360420749,4.125515062723194,0.00992113786790593,0.05305623471882645,0.08514543282920706,0.8535372902272205,0.2844961618640582,24.57136,11.29305
PAYC,"Paycom Software, Inc.",Technology,124.15,WATCH,6,10,16,0,3.216257151630355,16.249186894853484,-0.27248842737395224,1.0876238730347962,0.08947536055649957,-0.08958566629339294,0.1837883062364221,0.8076229468245845,0.19793342106545792,-42.68236,-42.37107
SAP,SAP SE,Technology,185.01,BUY,10,10,20,0,5.081159904429348,22.348115750328674,-0.011313591495823842,1.1742608695652175,0.07677902621722846,1.253731343283582,0.12895078097870386,0.7328260869565217,0.2273641304347826,-30.6845,-31.90401
PSA,Public Storage,Real Estate,277.33,WATCH,4,10,14,0,12.149148450710006,18.989627587431418,3.0608011548488836,0.7508749545186812,0.02736531266611239,-0.153558052434457,0.129606906407855,0.6052068017478032,0.6397781312336589,-0.59856631,-6.45912
SPGI,S&P Global Inc.,Financial Services,426.14,WATCH,5,10,15,0,9.226017109546166,25.932954250733136,1.6185834957764782,0.8244074898520362,0.07939189189189189,0.1868932038834952,0.09216590705113631,0.7024647887323944,0.35576421491914456,-15.97523,-14.29204
AMAT,"Applied Materials, Inc.",Technology,357.21,AVOID,1,9,10,4,10.046694127029134,45.763227010009686,-0.0028322880841594174,2.714949051979879,0.04386223138062997,0.003456221198156813,0.22560277175312163,0.487240377117743,0.21953640036861133,87.90637,131.3836
AON,Aon plc,Financial Services,316.99,WATCH,8,9,17,0,4.858176306152145,25.937951247980113,2.3449541284403668,1.109704641350211,0.09447063320168174,0.36494023904382455,0.12522249365447916,0.5590477853442757,0.18729992433502124,-9.77172,-19.37584
AXP,American Express Company,Financial Services,294.98,WATCH,7,9,16,0,2.65023431369308,13.32552982671999,0.6454533778576933,0.2841469269229418,0.08440587054082829,0.09757834757834766,0.08293713681986266,0.832347385166037,0.19888397295685029,-13.52603,8.91703
ALNY,"Alnylam Pharmaceuticals, Inc.",Healthcare,311.1,BUY,11,9,20,0,11.007228714165048,87.8419581054744,-0.8015151867750132,2.76241331361088,0.6519286393864009,2.0963302752293576,0.13735160017607415,0.8171891445654571,0.1253071874940259,-31.4093,22.69769
ADP,"Automatic Data Processing, Inc.",Industrials,210.66,WATCH,6,9,15,0,4.120238319388337,19.01620184466442,0.3416469276856625,1.032305954270427,0.07073521293991439,0.09628008752735218,0.24007048850659207,0.48359361374167426,0.2166698877643853,-27.85616,-29.1923
CRUS,"Cirrus Logic, Inc.",Technology,136.74,BUY,11,9,20,0,3.2710097075373787,10.503271869874249,-1.0036641842298115,7.651562779940388,0.059918161541514574,0.2332015810276681,0.16362999251865154,0.528687810138488,0.31142769111017415,13.83616,36.91799
ARM,Arm Holdings plc American Depositary Shares,Technology,129.82,AVOID,10,9,19,4,29.09862004453008,140.1233548742268,-1.8615090735434574,5.426679280983917,0.23940612434271574,1.5,0.0926514529764703,0.9542924427317491,0.2076643117105545,-9.15961,9.0283
AZN,AstraZeneca PLC,Healthcare,188.93,WATCH,8,9,17,0,5.351542159893598,31.06322055787765,1.1929611068467552,0.9381389424176111,0.08629075509034083,1.907488986784141,0.1314327694557825,0.7823011466936883,0.1722790510379467,22.37984,22.17408
CSCO,"Cisco Systems, Inc.",Technology,78.51,WATCH,4,9,13,0,5.636001440004064,25.907093409978984,1.3310588235294118,0.9550100581743054,0.05298961024478189,0.003921568627451071,0.12024576120336973,0.6481356047007824,0.2175466522166153,15.10043,29.51171
GSK,GSK plc,Healthcare,52.37,BUY,10,9,19,0,2.843864324853828,18.506078864541834,1.2053353530253303,0.8185685568697115,0.018329838092809792,1.1904761904761902,0.14253627815726203,0.7248599504086694,0.1536719013071295,28.76813,32.88505
EOG,"EOG Resources, Inc.",Energy,138.82,WATCH,6,9,15,0,3.5598670942526702,22.553487006176304,0.4435057162418218,1.9154511075094542,-0.03469073487894602,-0.19009725906277633,0.5811990700282293,0.681061018301059,0.15784109540479463,19.67241,11.68142
EW,Edwards Lifesciences Corporation,Healthcare,82.46,WATCH,7,9,16,0,7.525161183993672,34.20199850187266,-1.6049302860428345,3.7155538402161326,0.11547017189079879,-0.7363896848137537,0.11293813493995249,0.7810831300679016,0.22002109565561342,10.81844,16.22269
WDC,Western Digital Corporation,Technology,316.93,AVOID,11,9,20,4,10.260044097261039,47.75859208152645,0.6203703703703703,1.454984544049459,0.5070444831407314,3.03448275862069,0.25234973540794564,0.427240544065586,0.21483137693310975,197.22405,612.04224
ILMN,"Illumina, Inc.",Healthcare,126.59,BUY,10,9,19,0,4.7191642100414555,21.821736954206603,0.7789979409746054,2.0750788643533125,-0.006861848124428179,1.7113133940182055,0.12012522758849647,0.6649009672961769,0.21625978811607555,23.20195,49.29827
MC,Moelis & Company,Financial Services,53.96,BUY,17,9,26,0,2.473325822984765,6.947703683743636,-0.8163762147247976,21.473758914352974,0.2697688241129468,0.6455026455026455,0.11977826276382005,0.6899233647768058,0.35599184069578244,-30.08551,-10.80992
MPWR,"Monolithic Power Systems, Inc.",Technology,1092.69,WATCH,6,9,15,2,18.848350188983247,79.18762343248683,-1.3425957374543602,5.912314377377391,0.26431018078020935,-0.6512513601741022,0.15297034781045965,0.551787716644466,0.23802141511486105,19.24244,79.41775
NFLX,"Netflix, Inc.",Communication Services,91.74,BUY,10,9,19,0,8.72365456389429,41.661451237193155,0.17944880941642724,1.185709316059751,0.15851068919677527,0.2709359605911332,0.2521668961712825,0.48486575802475956,0.2093939194347188,-25.23227,-3.51283
IAG,IAMGOLD Corporation,Basic Materials,16.86,AVOID,13,9,22,4,3.631987587020834,12.628813119611706,0.2779925728377883,1.7476310199829819,0.7775503894672382,-0.22368421052631585,0.14235650536142522,0.4210864595633422,0.2875953229033533,48.67725,171.93548
ISRG,"Intuitive Surgical, Inc.",Healthcare,479.93,BUY,10,9,19,0,16.629651618329408,67.19896199582446,-0.8461326119361784,4.874638620277141,0.20505022688904587,0.22324159021406728,0.13709516322071325,0.6599600584220096,0.24746887636988685,9.39323,-2.41557
KEYS,"Keysight Technologies, Inc.",Technology,290.21,AVOID,7,9,16,4,8.905437117843931,35.30458555726257,0.5551601423487544,2.604432132963989,0.07953404298051818,0.38810198300283305,0.08451775433321973,0.6186366038400564,0.25224590452703893,62.90205,87.07536
IBM,International Business Machines Corporation,Technology,250.37,BUY,10,8,18,0,4.269912972236618,23.47513615923152,3.095384081443776,0.9276217083139324,0.07620352811817761,0.7396630934150075,0.09693970742075286,0.5881098689568371,0.1818908714000148,-6.01727,2.89742
SNPS,"Synopsys, Inc.",Technology,428.25,WATCH,6,8,14,0,11.233125940271446,39.472372957071066,2.997831538781745,0.8602018585069514,0.15124466416295496,-0.4499323410013531,0.01974842122831909,0.751368595648592,0.28458197718409906,-13.57215,-4.83122
PFE,Pfizer Inc.,Healthcare,27.4254,WATCH,6,8,14,0,3.5510659934163216,24.48459219942706,3.948876839659179,1.1599069868051048,-0.01647099501783834,-0.042253521126760445,0.08838314439482423,0.7033349845794915,0.1450326786941306,14.12984,4.71707
PANW,"Palo Alto Networks, Inc.",Technology,169.74,WATCH,6,8,14,0,11.310051462707085,27.51868673569268,-1.719502225451903,1.0449494318891248,0.1487387106820305,-0.5767326732673267,0.05777026844326511,0.7350429078265088,0.41099532006509454,-18.46871,-7.75501
ZS,"Zscaler, Inc.",Technology,155.4,BUY,13,8,21,0,8.546304915193414,27.177605885961874,4.804811840009381,1.9012505948399079,0.23311687443000206,0.30769230769230765,-0.03187314485668735,0.7655970781604087,0.31446128665836093,-47.19135,-23.65512
TXN,Texas Instruments Incorporated,Technology,188.29,WATCH,5,8,13,0,10.383275549711572,70.53287678447944,1.4743092583616093,4.352643241532131,0.13049037785307846,0.040076335877862586,0.16461648857957245,0.5702409229725144,0.14721185386268523,4.97296,4.21187
WDAY,"Workday, Inc.",Technology,133.38,BUY,15,8,23,0,3.9445906503350083,13.568141840835432,1.6077616077616077,1.321574161179053,0.1309495619228037,0.3131313131313132,0.04936545217849099,0.7570142378559463,0.2907244556113903,-42.90729,-46.74811
MMC,"Marsh & McLennan Companies, Inc.",Financial Services,182.7,BUY,10,8,18,0,3.7986905500908046,20.494395067386524,2.5371196754563896,1.1016144349477683,0.1031564314334778,0.02787878787878793,0.12119358388635076,0.422667803268967,0.18535265557243985,-10.62081,-20.20789
CTAS,Cintas Corporation,Industrials,181.83,WATCH,4,8,12,0,7.0503172022964495,42.739888160218605,1.0600471190552168,1.705257022570009,0.07748211218226426,0.16363636363636372,0.2278770437915845,0.5024931622961716,0.16495871902769127,-9.14406,-6.49491
CRWD,"CrowdStrike Holdings, Inc.",Technology,428.18,WATCH,6,8,14,2,21.650516680676766,84.035341558143,-39.49497138660768,1.773130630716755,0.21711245176577237,-7.259212198221093,-0.03748191663184372,0.7486315995099756,0.25763585033681385,-14.79853,16.02851
BSX,Boston Scientific Corporation,Healthcare,69.89,BUY,12,8,20,0,5.682777311083437,31.47082883310345,2.113488182559087,1.6168413311270453,0.1986624470054338,0.5555555555555555,0.08784023693644862,0.6900622665006226,0.1805728518057285,-28.55975,-31.14964
COIN,"Coinbase Global, Inc.",Financial Services,202.91,WATCH,5,8,13,0,7.96940082553701,21.127015155068264,-1.9446253576507706,2.3431541467107952,0.09404240810672959,-0.534548944337812,0.026173438950737062,0.7711704621664526,0.3772137600623243,-40.74928,6.58157
AMT,American Tower Corporation,Real Estate,182.76,WATCH,4,8,12,0,12.12272085025035,34.107087356750185,6.72570792285922,0.62798600448058,0.0511395054901651,0.1180124223602485,0.06668941546457172,0.7368272726418728,0.3554311373307907,-5.45756,-14.70575
FI,"Fiserv, Inc.",Technology,63.8,WATCH,9,8,17,0,2.7776773769169063,13.614088031683627,3.1377545343273616,1.03197990791126,0.03602854908095424,0.17190388170055448,0.08043527648063474,0.5936394092388997,0.20402963242580094,-62.20603,-68.34375
NVAX,"Novavax, Inc.",Healthcare,9.74,BUY,17,8,25,0,1.419851286939943,-6.366177531228798,0.01660887987049258,2.126918143276443,0.646938703709676,3.2113821138211383,0.6428133198398999,0.9332074742830084,-0.22303042602487452,11.82549,26.1658
OKTA,"Okta, Inc.",Technology,80.76,BUY,15,8,23,0,4.531904498115793,14.698476922222222,-1.329268292682927,1.3598277212216132,0.11839080459770115,6.882352941176471,0.018784972022382093,0.7735525865022268,0.30832476875642345,-13.50541,-28.40426
KO,The Coca-Cola Company,Consumer Defensive,75.55,WATCH,6,8,14,0,7.5135806228072,68.01521311140483,1.8833279863116243,1.4587660354306657,0.018699135164998618,0.23481781376518202,0.13003261764557686,0.6162574831563797,0.11046911829123296,13.72874,8.37756
DDOG,"Datadog, Inc.",Technology,129.94,WATCH,7,8,15,0,13.747055175162629,47.08710260384965,4.994722884166045,3.382101682731128,0.2767536858183308,-0.4363636363636364,-0.007391828909391669,0.7994408194778297,0.29194948117361386,-6.39677,25.94747
FSLR,"First Solar, Inc.",Energy,199.65,BUY,14,8,22,0,3.663215287038144,16.104459934557298,-1.0699460603641158,2.6746047871835437,0.24085054545705253,0.18061309030654513,0.13680961169708386,0.4062437732020073,0.22746588845103322,-6.04264,55.41803
FISV,"Fiserv, Inc.",Technology,57.02,WATCH,9,8,17,0,2.7776773769169063,13.614088031683627,3.1377545343273616,1.03197990791126,0.03602854908095424,0.17190388170055448,0.08043527648063474,0.5936394092388997,0.20402963242580094,-56.73748,-74.291
ADI,"Analog Devices, Inc.",Technology,310.44,WATCH,10,7,17,0,13.382426598113975,34.50301204731294,1.0455052329008767,1.755527091598599,0.1689321605654812,0.39090909090909093,0.06403474576352565,0.6284153437722318,0.38786256051393586,26.53976,50.77222
HEI,HEICO Corporation,Industrials,277.16,WATCH,10,7,17,0,8.810267077509321,48.551856150583625,1.7866353242799853,3.0589859363434493,0.16263059376011782,0.3396226415094339,0.10599470107552679,0.40240544532702094,0.18146097340098122,-13.04784,6.00069
ADS,"Bread Financial Holdings, Inc.",Financial Services,56.8,BUY,11,7,18,0,0.8815543262396254,1.9877273411708252,1.1368876080691643,0.26879596840098063,0.023759899958315966,0.9838709677419355,0.06542173204662238,0.6333262396254522,0.44349861672696317,0.0,-18.8919
ABB,ABB Ltd,Industrials,37.13,WATCH,4,7,11,0,4.518530364130065,35.7404095231851,0.625175611126721,1.5576396078192558,0.017308688892727585,-0.42731277533039647,0.15961530065962945,0.40637494083050374,0.12642637351983493,21.85756,38.80374
ABT,Abbott Laboratories,Healthcare,107.19,WATCH,4,7,11,0,4.349558488043675,26.07264755348208,0.562768701633706,1.5758971871968963,0.0566865315852205,-0.5123859191655802,0.08434953952144503,0.5551118931600794,0.16682458040064974,-21.207,-15.45196
SAN,"Banco Santander, S.A.",Financial Services,10.94,WATCH,8,7,15,0,7.265659052597023,6.553282681926439,16.457456786814955,1.7741946740698233,-0.07709242623682731,0.14285714285714285,0.007545664266410173,0.6700874951827693,1.1087052711208805,6.83594,58.78084
PG,The Procter & Gamble Company,Consumer Defensive,144.85,WATCH,6,7,13,0,4.272743693604194,24.534607662513473,1.0930262099335224,0.7244884056786288,0.0029153131284284676,0.07928802588996768,0.1586722883632998,0.5068438522619313,0.17415170245956435,-7.17124,-13.54819
SHW,The Sherwin-Williams Company,Basic Materials,310.38,WATCH,4,7,11,0,3.8699475488137502,34.37502053504145,3.262044626593807,0.8680837535944973,0.02059874017793363,-0.02808988764044934,0.15205655639052199,0.4893549331263283,0.11258022507561198,-10.50173,-7.63325
NXPI,NXP Semiconductors N.V.,Technology,192.35,WATCH,6,7,13,0,4.6915371049548895,21.76160222642818,2.2832738398776136,2.045864467920639,-0.027350562866656096,-0.18699186991869918,0.10661270391745617,0.5457657510429347,0.21558785314333587,-14.14863,-5.07797
INFY,Infosys Limited,Technology,13.05,WATCH,7,7,14,0,2.6404115500417764,13.791512046901373,-0.2650146862140193,1.811881188118812,0.03851955608231872,-0.012987012987012998,0.27095380495108834,0.29833601037435176,0.19145192645029915,-23.09959,-27.74086
HCA,"HCA Healthcare, Inc.",Healthcare,499.65,WATCH,10,7,17,0,2.1281856115079365,20.916644855694226,3.1505479715439337,0.8292966360856269,0.07077602934719487,0.28513695554557705,0.18528454033395733,0.415,0.10174603174603175,24.19836,49.81111
BIIB,Biogen Inc.,Healthcare,183.41,WATCH,7,7,14,0,3.145218602328094,14.427681124047318,1.2705605366703219,2.67931569833403,0.013921185626143305,-0.20982142857142855,0.06620701175528301,0.7047071534870446,0.2179988991498991,28.70877,29.72839
TEAM,Atlassian Corporation,Technology,74.6,BUY,12,7,19,0,3.4477312794534933,15.660580842121295,20.34895336635889,0.8905159327696256,0.19655403348274664,0.1551724137931034,-0.06011730679119068,0.8351168625718932,0.22015347414064898,-55.87104,-67.0145
PLD,"Prologis, Inc.",Real Estate,131.09,WATCH,1,7,8,0,17.718437436683224,31.097008627846545,4.707761701434897,0.22736410100831342,0.07175627712119938,-0.11414392059553359,0.03604527949053366,0.5959781923514871,0.5697794810018104,15.48762,16.97154
SYK,Stryker Corporation,Healthcare,339.76,WATCH,8,7,15,0,5.608787395206242,32.8905683441513,1.9426934097421202,1.8931229150628688,0.11157335693737552,0.08015267175572517,0.101194154183655,0.6354116897595159,0.1705287466157031,-9.83733,-9.20849
LULU,Lululemon Athletica Inc.,Consumer Cyclical,165.57,WATCH,6,7,13,0,1.67226992668384,20.144350327393063,-0.0032214248839169232,2.258327205453848,0.04858971266492295,-0.09543285616905252,0.226120037306126,0.566005440167168,0.08301433898366148,-2.38769,-48.96902
MDB,"MongoDB, Inc.",Technology,270.16,BUY,12,7,19,0,8.386222734259357,40.63241833281221,57.45821940282183,4.6525371324100515,0.22794268264784995,0.4913294797687861,-0.04420303161642426,0.7174856532417241,0.20639240976427847,-16.47033,42.71527
JPM,JPMorgan Chase & Co.,Financial Services,287.97,WATCH,7,7,14,0,3.3292848613220705,9.25286181832512,1.9239952834823622,14.853263554402865,0.03307372160612137,0.01515917129863571,0.012892494745643968,0.5999828775063942,0.35981136719544254,-8.51706,20.4845
LSCC,Lattice Semiconductor Corporation,Technology,94.92,WATCH,0,7,7,2,24.706768116163605,92.10550503697581,-0.9735327560570279,3.09224715950133,0.02721039024265755,-0.9488636363636364,0.0036872753755272276,0.6651142257607088,0.26824420653515835,31.57749,56.7889
HUBS,"HubSpot, Inc.",Technology,262.32,BUY,14,7,21,0,4.291985097967069,19.84023481886583,-2.1065592891452565,1.5152265359928747,0.19170038320971342,8.777777777777779,0.0021183475011562216,0.837588091149746,0.21632733368084303,-49.44106,-56.14991
SWKS,"Skyworks Solutions, Inc.",Technology,54.12,WATCH,7,6,13,0,1.9193645174897627,7.123244420946627,-0.381496105004802,2.3961389961389963,-0.02180469123982767,-0.1693548387096775,0.0539584876104893,0.41129310770141597,0.26945088558883024,-31.45028,-20.86562
GPN,Global Payments Inc.,Industrials,68.18,WATCH,7,6,13,0,3.5788586842626597,14.522487667149134,4.106096883326135,1.6900810852419603,-0.2374867577277181,-0.05501618122977344,0.031166618812435248,0.6937105830395248,0.2464356497515425,-21.22473,-29.98562
IHG,InterContinental Hotels Group PLC,Consumer Cyclical,130.92,WATCH,8,6,14,0,5.304945929178446,30.317971478813234,2.3914958709487255,0.9733333333333334,0.05403209425147268,0.25897435897435905,0.2666819260664172,0.3171315585092775,0.17497694174181944,9.30951,16.18743
NET,"Cloudflare, Inc.",Technology,221.33,AVOID,6,6,12,6,37.206161140291435,248.7076408227702,11.611704300871462,1.9760529711392547,0.29845666035387564,-0.2608695652173912,-0.04029576802119704,0.746822901218993,0.14959798186017395,-2.04036,87.66322
LIN,Linde plc,Basic Materials,489.8,WATCH,2,6,8,0,7.323705573147767,48.91009188622519,1.6991788038425784,0.8767601000131596,0.029722769277382214,0.07002188183807433,0.08966120362096423,0.4332960630847996,0.14973812746425,2.25256,7.00164
ORLY,"O'Reilly Automotive, Inc.",Consumer Cyclical,87.91,WATCH,3,6,9,0,4.639688181953968,51.78511009692576,2.0814696730060342,0.7685066730508747,0.0642495944723634,0.09157509157509157,0.33050242001295566,0.5159231316716373,0.08959502399956092,-15.41422,-1.82042
SNOW,Snowflake Inc.,Technology,175.4,WATCH,7,6,13,0,12.795798884103275,53.49824334963234,0.06934478976059243,1.2987366145666894,0.2916256250006894,-0.023316062176165882,-0.3014797909924414,0.6716860100436683,0.2391816643488204,-23.89795,11.58471
DUK,Duke Energy Corporation,Utilities,129.76,WATCH,8,6,14,0,5.918136462056607,23.332265617980262,5.783280153158902,0.5517650971634912,0.06192970319860329,0.10507880910683007,0.041392080780755236,0.5404152762328513,0.2536460264491411,7.16881,7.98935
HLT,Hilton Worldwide Holdings Inc.,Consumer Cyclical,297.83,WATCH,2,6,8,0,6.971107220782456,42.27967749672545,5.121602787456446,10.8130081300813,0.07741184893502774,-0.003225806451612978,0.11289365022076361,0.4114959714261982,0.16488080405349276,10.87822,28.42482
APH,Amphenol Corporation,Technology,130.65,WATCH,13,6,19,2,7.1431250722027135,37.680347777574745,0.6343728685657897,2.979243840771447,0.5171224552806006,0.746268656716418,0.15115326273275673,0.3688162219037268,0.18957163331846702,5.41391,96.88065
AZO,"AutoZone, Inc.",Consumer Cyclical,3341.58,WATCH,3,6,9,0,3.424783514135004,42.933506566351056,2.8148687065749556,0.8898366467940951,0.02425324500434499,-0.03263554804316722,0.26826204497968076,0.5187554504017458,0.07976948048355227,-19.29253,-6.48686
ACLS,"Axcelis Technologies, Inc.",Technology,87.12,WATCH,6,6,12,0,3.0666912536589086,24.04542718437529,-0.6448349174587293,4.7718405342507335,-0.17567850353435868,-0.3824959481361426,0.08905398525788369,0.44913878586207223,0.12753739952899001,-8.91793,53.59661
AMBA,"Ambarella, Inc.",Technology,55.86,BUY,14,6,20,0,5.700549646533675,29.357237075896975,2.56906429026098,2.3056411005709663,0.3715338844715918,0.37323943661971826,-0.13253453201709378,0.5919242798859489,0.1941786834979089,-32.64199,2.2328
DHR,Danaher Corporation,Healthcare,190.11,WATCH,3,6,9,0,6.033751029387822,28.181976290874527,1.9874730021598273,1.873953283384751,0.029026178010471203,-0.04878048780487801,0.057211890110220154,0.6093292087267991,0.21409964181048516,-1.6452,-9.57907
ORCL,Oracle Corporation,Technology,155.5,WATCH,8,5,13,0,8.910141409163975,-23.081142103614166,4.221031800191074,1.3470309546603825,0.08379751137629576,0.1706036745406824,0.08023896351176857,0.6644037642211714,-0.38603555097772996,-49.62094,1.82032
UBER,"Uber Technologies, Inc.",Technology,75.34,WATCH,10,5,15,0,3.119705665532422,16.621707426405816,0.8206669529125519,1.1357954545454545,0.18279594342625857,0.02335456475583871,0.11208233469617933,0.39754311090604993,0.18768864025222523,-23.52045,1.33154
LNG,"Cheniere Energy, Inc.",Energy,281.87,BUY,16,5,21,0,4.443763468328773,18.288473051929092,2.4508025754965086,0.9427987742594485,0.24442190669371197,0.6987359550561798,0.10607941486826537,0.36196412283368806,0.2429816560251343,21.7581,22.42974
NEE,"NextEra Energy, Inc.",Utilities,92.41,WATCH,5,5,10,0,10.385248333090697,88.86486552475864,5.741231054747912,0.5953455756672656,0.11000686785440149,-0.020710059171597586,0.04225201181831635,0.6280026204687728,0.11686562818459746,30.00844,29.88053
VZ,Verizon Communications Inc.,Communication Services,49.48,WATCH,6,5,11,0,2.8238945112199785,19.7228750833923,3.804799329351357,0.9126503126503126,0.025247054633943673,-0.021686746987951984,0.062248616309032445,0.5570261449732616,0.14317864405062558,13.79945,13.09714
RCL,Royal Caribbean Cruises Ltd.,Consumer Cyclical,272.0,WATCH,7,5,12,0,5.351989164427098,77.66013403236246,3.1567520625271386,0.18340937370385732,0.08795875037913255,0.43000000000000005,0.1489885940270003,0.46835795929746304,0.06891552829662671,-17.22459,26.6766
TWLO,Twilio Inc.,Communication Services,127.35,BUY,14,5,19,0,3.8998290240013262,19.13022380414874,1.685272602923029,4.032351455680219,0.13664851517574106,1.3333333333333333,0.011222603141693344,0.4900256945623044,0.20385694720181874,19.57746,25.11052
PGR,The Progressive Corporation,Financial Services,202.68,BUY,15,5,20,0,1.3548829746597146,6.904152795348837,0.0,0.0,0.16317375204066734,0.3349480968858132,0.10354363153557367,0.26498339931771764,0.19624174244412246,-16.36544,-26.1962
MCHP,Microchip Technology Incorporated,Technology,63.29,WATCH,2,5,7,0,9.011603272802123,48.05748768142456,5.810484780157835,2.1623713773246482,-0.42345174473436026,-1.0014204545454546,0.0134312428597198,0.515712194675693,0.187517153050956,-2.85495,24.09804
MAR,"Marriott International, Inc.",Consumer Cyclical,324.89,WATCH,6,5,11,0,3.926371979301917,35.47825281228433,3.6209136176661616,0.426768278161467,0.04326693227091633,0.13875598086124405,0.1559365747512997,0.21335828305201252,0.11066982356984649,20.99285,32.69482
PEP,"PepsiCo, Inc.",Consumer Defensive,152.74,WATCH,4,5,9,0,2.6573279249081714,32.532524158889466,2.621244290034099,0.8530399218654621,0.022546650118666578,-0.1361031518624642,0.13287396715543048,0.541485227575193,0.08168219323928667,7.74549,3.79884
AMD,"Advanced Micro Devices, Inc.",Technology,205.27,WATCH,12,5,17,2,9.630972623343629,49.53337204157387,-0.14646533973919013,2.850026441036489,0.34337793290672874,1.6435643564356435,0.05406394030287512,0.4951644100580271,0.1944340194578365,30.42125,91.59044
ACN,Accenture plc,Technology,203.55,WATCH,7,5,12,0,1.7019640478099654,9.8207232271467,-0.2889132192796739,1.336391181365663,0.07360205326441206,0.06222990492653404,0.16954620157925526,0.3198530856650453,0.1733033309711195,-15.08135,-32.35519
DVN,Devon Energy Corporation,Energy,48.79,WATCH,11,5,16,2,2.264400732871764,12.331703663278688,0.9986411197173529,0.9804209495839452,0.10014774844221751,-0.07877461706783376,0.08917754443608415,0.22697170379289586,0.18362432269717038,43.66902,35.04013
ETN,Eaton Corporation plc,Industrials,360.23,WATCH,8,5,13,0,5.475088057417663,33.60469968694097,1.6981162453711158,1.3185699039487726,0.10330412412573357,0.09958071278826008,0.13115614698655842,0.3758743806470417,0.16292626056543283,-3.81041,21.89287
CTSH,Cognizant Technology Solutions Corporation,Technology,61.55,WATCH,7,5,12,0,1.3919314564146295,11.322115291714836,-0.08017707820954255,2.336977316206614,0.06951763275233076,0.008849557522123902,0.12583226950600226,0.3305381845745689,0.12293916998294485,-8.05199,-20.28235
CMCSA,Comcast Corporation,Communication Services,28.98,WATCH,11,5,16,0,1.6697685873798573,9.435504414352273,2.176514971867118,0.8819651592888677,-0.00019396917506526255,0.29736211031175064,0.06418975665356785,0.6006612398651653,0.17696654190951203,-8.26211,-20.60274
BAH,Booz Allen Hamilton Holding Corporation,Industrials,80.83,BUY,15,5,20,0,0.8204485474895445,10.027662767814004,-0.5314518877135739,1.8068115091015855,0.1236275424183466,0.5791757049891539,0.1808794437003839,0.5265098946612945,0.08181852207106079,-20.86352,-21.9637
CAT,Caterpillar Inc.,Industrials,688.65,AVOID,4,4,8,4,5.261568391764932,34.61399124304069,2.2445820433436534,1.4356638765796816,0.04289527689055533,-0.14749661705006778,0.11420289893952364,0.3234106141531906,0.15200698338487031,47.60792,104.80297
AMZN,"Amazon.com, Inc.",Consumer Cyclical,208.76,WATCH,11,4,15,2,3.2181919991812244,299.83093967784276,0.40024555312959276,1.0508153482718285,0.12377754683294695,0.2879858657243816,0.10699097087482645,0.5028566486824266,0.010733355278941701,-9.8151,7.08387
BLK,"BlackRock, Inc.",Financial Services,969.6,WATCH,6,4,10,0,6.373516406755864,42.979970288499025,0.39511703438234963,70.15189873417721,0.18665163914343116,-0.15571260306242635,0.06619130648181608,0.5045837462834489,0.14829038652130824,-15.15947,1.61711
COP,ConocoPhillips,Energy,126.02,WATCH,7,4,11,0,2.90911562431945,10.194132232456926,0.677283990088722,1.297360507851654,0.0925803852633121,-0.1892583120204604,0.06750272944893973,0.2482135565536954,0.2853715802368313,37.09748,23.17467
EMR,Emerson Electric Co.,Industrials,129.9,WATCH,6,4,10,0,4.686006587847126,33.09321545631068,2.4402566158781074,0.8405893536121672,0.02995655156643037,0.17858801672085456,0.06731618190181579,0.5165795985702502,0.14160021996150673,-1.84374,16.18962
GE,GE Aerospace,Industrials,291.61,WATCH,10,4,14,0,6.878813437094173,43.460388750275335,0.6716405537594297,1.0414571575166751,0.1848224897938091,0.3509933774834437,0.08566774158815611,0.36884995860025277,0.1582777705146642,-3.16464,42.99515
FIS,"Fidelity National Information Services, Inc.",Technology,49.26,WATCH,7,4,11,0,2.654734188067921,10.29666392986828,0.9507101086048454,0.5892857142857143,0.0543102597017873,-0.4788732394366197,0.03883751802544675,0.3811840293712712,0.2578246902248738,-24.34342,-33.79922
BNTX,BioNTech SE,Healthcare,89.31,WATCH,7,4,11,0,4.2441108229081035,-51.990758158285864,11.6639201103598,7.5370396310587795,0.0020111144633055866,-0.6281588447653429,-0.06597836164827521,0.7767788250129902,-0.0816320240991083,-7.18146,-7.1911
ALGM,"Allegro MicroSystems, Inc.",Technology,30.91,WATCH,2,4,6,0,7.010251820519141,48.587698539911024,2.702914893256236,3.6516490134259096,-0.30910158219193096,-1.4936708860759496,-3.9674708886307544e-05,0.44963577708628816,0.14428038436026688,-1.71701,15.16393
QRVO,"Qorvo, Inc.",Technology,77.74,WATCH,11,4,15,0,1.98881504976049,12.49592488768519,0.3143333328790813,3.674858183895492,-0.013406265966946333,1.8194444444444446,0.06464984463701023,0.4437890170210877,0.159157090622438,-15.32513,7.43505
HPQ,HP Inc.,Technology,18.48,WATCH,7,4,11,0,0.41810014416048663,8.168642462126478,1.6081081081081081,0.7588255377261864,0.032412853115256074,-0.05653710247349828,0.23285089524012498,0.2014796635188248,0.051183552970886906,-34.375,-35.18064
MRVL,"Marvell Technology, Inc.",Technology,89.53,WATCH,12,4,16,0,9.775691186879165,57.457953665184334,0.4042102475837416,2.0060860114888994,0.42087285211450765,4.03921568627451,0.059686448761412804,0.5010494714812194,0.17013643130842263,20.56289,27.01092
ON,ON Semiconductor Corporation,Technology,59.29,WATCH,7,4,11,0,4.199405492877873,14.891533502099723,1.486264354875028,4.522093655354508,-0.15346709402312808,-0.9211956521739131,0.011450816526721072,0.3281182238049171,0.2819995329752811,16.09556,37.24537
HON,Honeywell International Inc.,Industrials,229.03,WATCH,4,4,8,0,4.11838883986118,30.80582343778973,2.166262519768055,1.3164929962418859,-0.02737946799667498,-0.08333333333333338,0.10433164610896334,0.36926127912741696,0.13368864650470996,9.39007,8.60164
PSTG,"Everpure, Inc",Technology,65.45,WATCH,11,4,15,0,5.7253353275037995,81.8856795834456,-1.7082681429774942,1.60393091063304,0.15614059120676835,0.48484848484848475,0.034302740210034724,0.7038120388998382,0.06991863970145594,-25.51497,28.86395
ULTA,"Ulta Beauty, Inc.",Consumer Cyclical,534.1,WATCH,4,4,8,0,2.0742646316173396,26.082753587572487,0.9541509592706883,1.4135173458038377,0.09713169330434519,0.011006289308176005,0.22747250899668767,0.39097025535753765,0.07952629022288711,2.422,56.67811
SLB,SLB N.V.,Energy,47.82,WATCH,6,4,10,0,2.243319068022067,16.706294181439,1.2033020847908213,1.3255213640377692,-0.01598280470666042,-0.2420382165605096,0.10509876634893335,0.1821389565655717,0.13427987342126635,38.8905,15.84302
OKE,"ONEOK, Inc.",Energy,88.39,WATCH,12,4,16,0,2.6288196321329806,20.473500557897175,4.204186464620522,0.7051060487038492,0.554163970792125,0.046242774566473854,0.08617486967257826,0.2146361771090428,0.12840108239911982,23.53599,-12.18082
NKE,"NIKE, Inc.",Consumer Cyclical,53.44,WATCH,4,4,8,0,1.7905286693612539,33.649640403232326,1.1574422353573348,2.0631443298969074,-0.09838012538452552,-0.4228723404255319,0.09004063750909626,0.41132586588695635,0.05321093027755681,-24.6156,-25.63318
BAC,Bank of America Corporation,Financial Services,47.01,WATCH,6,3,9,0,2.4918139980529004,37.84582035717117,3.3498838051925337,0.4168936222581219,-0.004505440826465178,0.1938461538461538,0.03394124001392849,0.5607542008801099,0.06584119394258928,-10.02871,10.66384
AXON,"Axon Enterprise, Inc.",Industrials,502.18,WATCH,7,3,10,2,14.780388320928386,547.1773342390219,2.697416872051537,2.5256331509706174,0.33469450081295504,-0.678714859437751,0.00018571580321805517,0.5965503576855993,0.027012062444954844,-35.16326,-10.06966
FCX,Freeport-McMoRan Inc.,Basic Materials,53.6,WATCH,8,3,11,0,3.3091923390699662,15.183942959001783,0.9304556354916067,2.291078252201362,0.011235513651541938,0.1679389312977099,0.07772789815487907,0.2698030379550134,0.2179402509615011,19.27014,31.69533
COST,Costco Wholesale Corporation,Consumer Defensive,974.78,WATCH,3,3,6,0,1.478895735629574,46.52775994724695,-0.6500355366027007,1.058140961165763,0.08167323631476146,0.09879518072289138,0.19112323136433415,0.12926134875028383,0.031785233961539136,2.48328,8.86531
DELL,Dell Technologies Inc.,Technology,156.78,BUY,15,3,18,0,1.1013844415878384,14.622192087114124,2.50407421336342,0.9104300684379396,0.1880460828528676,0.3179723502304148,0.1447632254394083,0.19999471542567246,0.07532279941517378,18.82674,58.49171
CB,Chubb Limited,Financial Services,323.64,WATCH,9,3,12,0,2.461851888327252,10.881541978249611,1.3952023775827909,0.0,0.0611219946571683,0.12946817785527456,0.042007102688422934,0.3341646302681351,0.22624108726944064,18.16423,10.03672
LMT,Lockheed Martin Corporation,Industrials,637.51,WATCH,6,3,9,0,2.199627120095394,23.899451759264622,2.0143233642718004,1.0868652239125778,0.05650099235674169,-0.037070120589548984,0.17385259024284885,0.10150951943189843,0.09203671876040875,34.79723,36.58782
TSCO,Tractor Supply Company,Consumer Cyclical,46.18,WATCH,3,3,6,0,1.9360714588838503,40.58899318692538,2.9309472825532783,1.3416964721820928,0.04305617510068882,0.009756097560975618,0.13109420504306218,,0.04769942062784406,-22.5947,-10.91821
UBS,UBS Group AG,Financial Services,37.36,WATCH,7,3,10,2,4.543689241046289,258.5630489922544,13.560579392588762,0.2621959727960492,-0.20430366167221767,0.22641509433962256,0.00977154021077189,0.6946557460489319,0.017572848319801496,-11.6576,13.24644
TDOC,"Teladoc Health, Inc.",Healthcare,5.52,WATCH,11,3,14,0,0.49163605795625814,5.4657657700809,26.8757260373444,2.686451482193419,-0.015409947329790853,0.8057921635434413,-0.08261524430666843,0.695019757096606,0.0899482485413899,-30.56604,-32.43574
MSTR,Strategy Inc,Technology,138.24,WATCH,4,3,7,2,92.9512199214641,-569.9901379762288,-1.1000665268444185,5.617046958106604,0.029728819995857213,-1.2920792079207923,-0.061934055839171796,0.6869083091313695,-0.16307513714446162,-59.90138,-54.23577
MS,Morgan Stanley,Financial Services,158.54,BUY,15,3,18,0,5.353872807797675,-34.41245218061378,13.672967082519165,1.1699852744597656,0.1147704687575743,0.2860696517412937,0.016944564153961148,0.5706669681605107,-0.15557952045084927,-0.85673191,31.60123
JBL,Jabil Inc.,Technology,265.31,WATCH,6,3,9,2,0.9459147984816482,20.977731651052274,1.6520335700451905,1.0133684423739113,0.03181802444344424,-0.4708994708994709,0.1630565459629164,0.09036642483239966,0.04509137661860593,18.26246,84.46082
LDOS,"Leidos Holdings, Inc.",Technology,165.95,WATCH,8,3,11,0,1.5105721802142773,15.964656383384616,1.9638403990024937,1.7028652281570569,0.030728604009122553,0.19871794871794887,0.1499777650865738,0.1766111563992081,0.09461977407709327,-11.46973,23.06266
NOVN,"Novan, Inc.",Healthcare,0.0941,BUY,17,3,20,0,-0.24354064128086747,0.163549635908522,0.29708091256908037,0.91314280787965,7.366052445074415,0.47337278106508873,-0.5010829716409705,0.687449701385065,-1.4890931424456777,-93.08088,-96.4084
HD,"The Home Depot, Inc.",Consumer Cyclical,328.21,WATCH,4,3,7,0,2.421973272845406,31.54023600284675,2.9695310248280973,1.06066493955095,0.03240467921310982,-0.0461229946524065,0.19033947550648572,0.33315521334928316,0.07678995403289958,-21.04453,-7.68171
ALV,"Autoliv, Inc.",Consumer Cyclical,101.74,WATCH,9,3,12,0,0.8843934081368471,13.37722336923077,1.224,1.0453734386948763,0.04090471607314726,0.19254658385093154,0.1583326833633688,0.1916782246879334,0.06611188164586224,-19.13845,11.94982
NWG,NatWest Group plc,Financial Services,15.08,WATCH,7,3,10,0,1.130335140616054,0.0,-1.5791194674763518,0.20466781870042264,0.03196219149308594,0.28301886792452835,0.025144865895685736,0.6291461506164358,,8.56731,24.6281
WMT,Walmart Inc.,Consumer Defensive,121.09,WATCH,5,2,7,0,1.4326966676608293,68.46788538490921,1.212971530632007,0.7897533242144247,0.04725214211766779,0.1322314049586778,0.11873647453784536,0.24926699786724774,0.020925090056550882,18.33284,41.11409
NOC,Northrop Grumman Corporation,Industrials,714.15,WATCH,4,2,6,0,2.78141765505077,35.2862401874811,2.128799444829979,1.0875954473418816,0.022445348865547242,0.02641775272983445,0.09206882333527838,0.19814558802497975,0.07882442675311055,24.62698,45.97429
MPC,Marathon Petroleum Corporation,Energy,235.78,WATCH,10,2,12,0,0.7637909691737297,21.30523368198028,2.639201857744904,1.2592743164955789,-0.04552655835925798,0.3112648221343874,0.08015701711771014,0.07726496754931526,0.035849922163479264,27.13254,55.16946
HPE,Hewlett Packard Enterprise Company,Technology,22.12,WATCH,11,2,13,0,1.2899445092631403,10.554011008916325,8.854276663146779,1.0347333415445252,0.14061460689104696,-1.022871794871795,0.009988490578544272,0.30717858440215723,0.12222315365914997,-11.48459,36.29082
CCL,Carnival Corporation & plc,Consumer Cyclical,24.94,WATCH,10,2,12,0,2.276788253747042,23.249090948599925,3.7846667634674023,0.3222578673999389,0.0639862515486991,0.4000000000000001,0.10786255293542654,0.3736523797002367,0.09793020547687915,-18.28309,17.64151
BKR,Baker Hughes Company,Energy,60.71,WATCH,6,2,8,0,2.2869796834096565,24.99007390070922,0.8000466635557629,1.356777401455646,-0.0034496388659312227,-0.12666666666666662,0.11642150286685315,0.23596437457180977,0.09151552302311326,28.2425,35.84695
GD,General Dynamics Corporation,Industrials,349.63,WATCH,10,2,12,0,1.9408633956041863,25.762154947966657,1.222896506478596,1.4436770659680875,0.10130773744655881,0.1325126719768284,0.10581747783579147,0.1513035204567079,0.07533777354900095,7.88386,31.58826
HAL,Halliburton Company,Energy,36.93,WATCH,6,2,8,2,1.6682416638568338,22.134134611842104,1.7949727437916414,2.039727988546886,-0.033124128312412834,-0.4664310954063604,0.10135982779023717,0.15763613415073927,0.07536963577353048,64.06042,47.77911
DLTR,"Dollar Tree, Inc.",Consumer Defensive,105.56,WATCH,14,2,16,0,1.310385724816864,18.152391074716334,1.8003779498525074,1.0673976336492597,0.10429217510026453,1.4427046263345196,0.10693943774591769,0.364046610824344,0.07218805056718079,10.81251,63.43087
ENPH,"Enphase Energy, Inc.",Energy,44.64,WATCH,11,2,13,0,4.468687922823382,68.6365134878677,2.5350943291397696,2.0654121934793803,0.1071886817555546,0.7236842105263158,0.04578493386784763,0.4664025770798752,0.06510656931333313,16.18948,-27.63819
FLEX,Flex Ltd.,Technology,65.79,WATCH,6,2,8,2,1.0013977041177566,23.12608209122203,1.44874715261959,1.395725865880619,-0.022790081393147834,-0.13360323886639677,0.09491284686321814,0.09070244084218372,0.04330165828209428,12.17391,82.44592
GS,"The Goldman Sachs Group, Inc.",Financial Services,809.5,WATCH,11,2,13,0,5.5002688803968125,-14.572136391439704,18.526878588666058,0.830265346928495,-0.013842794415583393,0.2603105288694809,0.019219773001679603,0.47479955554489717,-0.3774510979479924,0.55900621,43.86507
RIO,Rio Tinto Group,Basic Materials,85.65,WATCH,4,2,6,0,2.677336768281505,32.94120166708025,0.7422217680483841,1.4446751782789913,0.07668368183681837,-0.13623595505617975,0.09339184917709768,0.27076405890550115,0.08127623258374021,37.30362,36.12524
UNH,UnitedHealth Group Incorporated,Healthcare,280.44,WATCH,10,2,12,0,0.6894445128639958,19.19580791844479,2.34275802254987,0.7883756756051071,0.11814039242726306,-0.1540920716112532,0.08231644722286849,0.1852616479767275,0.035916410280471975,-16.70676,-45.15157
TMO,Thermo Fisher Scientific Inc.,Healthcare,470.21,WATCH,4,2,6,0,4.616069808129096,32.68291853980613,2.7004094433313006,1.8899861742050168,0.03911005387252501,0.07177322074788911,0.07477373252133702,0.3945820989316815,0.14123799263847742,-1.95379,-9.33788
SO,The Southern Company,Utilities,96.22,WATCH,11,2,13,0,5.816415328911749,-52.308796652465,4.522514269607497,0.646435338702037,0.10585990121239336,-0.01990049751243772,0.043734799290416855,0.4347590687601516,-0.11119382782891175,4.81481,6.94676
OXY,Occidental Petroleum Corporation,Energy,59.58,WATCH,6,2,8,0,3.246853578024453,19.666203986358102,1.7644979919678714,0.9362537123462028,-0.2031809291855788,-0.34749034749034746,0.035086213766683735,0.32050353925353925,0.16509813384813382,29.24078,24.22852
ROG,Rogers Corporation,Technology,102.43,WATCH,6,2,8,0,2.0553925684760954,16.313155247035574,-1.850052798310454,3.965107057890563,-0.023250210817973738,-3.4,-0.028446891488873596,0.3102589641434263,0.12599601593625495,25.29664,37.43459
SAIC,Science Applications International Corporation,Technology,97.16,WATCH,7,2,9,0,0.9633017924814101,11.486859798029556,3.824242424242424,1.2006109979633401,-0.02901457414092793,0.06915629322268325,0.10839945556047519,0.12007711374277058,0.08386119526301296,-6.46,-8.32232
ADM,Archer-Daniels-Midland Company,Consumer Defensive,68.64,WATCH,7,0,7,0,0.5034772835311554,9.61576940342531,1.9108527131782946,11.196741854636592,-0.06151058108266105,-0.39071038251366125,0.026271784669510308,0.058013974168960404,0.05235954216537345,11.3382,47.54944
GLOB,Globant S.A.,Technology,45.04,WATCH,7,0,7,0,0.9019115857943188,10.459027582655851,0.6930592484067984,1.643578330257301,0.01622228689206268,-0.39005235602094235,0.048833569750415584,0.33827601138468444,0.08623283366131991,-20.98246,-65.12852
FCEL,"FuelCell Energy, Inc.",Industrials,6.75,WATCH,13,0,13,0,1.0559388259004336,-1.4229674173721076,1.3080442315023901,7.962710227729943,0.41049834124068063,-12.999999999999998,-0.12111372394493344,-0.15946751838581935,-0.7420681689609653,-19.25837,28.81679
ELV,Elevance Health Inc.,Healthcare,291.15,WATCH,8,0,8,0,0.44194481230382926,27.725980072463766,2.4584800165665768,1.2389637721100366,0.1262089248345682,-0.024409143742735336,0.06649844020126647,0.2556283741368487,0.01593973634651601,-7.19136,-32.958
COHR,"Coherent, Inc.",Technology,275.57,AVOID,16,0,16,4,7.368323009080823,-447.6227961338391,2.141348239093458,2.2517626062996645,0.23417588421322738,0.717391304347826,0.04185299971806408,0.3638047161315095,-0.016461009297832313,152.56164,301.06244
CVX,Chevron Corporation,Energy,201.43,WATCH,4,0,4,0,2.3825073993255925,27.37645583599061,0.9801421201207048,1.1547009315002845,-0.033022428572905785,-0.3186475409836065,0.022046623275078357,0.14741235122969115,0.08702760553078664,28.94821,22.2492
CVNA,Carvana Co.,Consumer Cyclical,294.18,WATCH,13,0,13,0,3.0550752058360398,69.83716347919011,15.4,4.311389071757735,0.48628684268265926,4.941860465116279,-0.3366621033473881,0.20239149689991143,0.04374569432142505,-24.93302,58.65602
BG,Bunge Global S.A.,Consumer Defensive,122.04,AVOID,9,0,9,4,0.5606910145174822,133.2190485135135,6.4166328600405675,1.6124148872876314,0.32426376440460947,-0.39307787391841775,0.02736801242236025,0.04847218075047278,0.004208790115030784,54.1493,65.03043
BP,BP p.l.c.,Energy,45.86,WATCH,7,0,7,0,0.8127782751937074,13.644824734315478,1.167992467287899,1.2631513632245814,0.0007928746993683431,-0.849999939999976,0.016848280072826915,0.20284097812478538,0.05956678015435734,34.40797,31.97122
CI,Cigna Corporation,Healthcare,264.57,WATCH,15,0,15,0,0.3435526164239576,11.26004040898796,1.9852278417626439,0.8486386709736964,0.11262094277702016,0.8204081632653062,0.07352443323360175,0.09451104192731823,0.030510780063429253,-8.88208,-17.67945
CARR,Carrier Global Corporation,Industrials,58.97,WATCH,4,0,4,0,2.7775655016783922,28.846092151384905,3.518201962646407,1.1994658420016868,-0.0328648937116428,-0.7211538461538461,0.058410602316408836,0.25907021658159746,0.0962891433301145,-2.35138,-11.22987
BLDP,Ballard Power Systems Inc.,Industrials,2.48,WATCH,17,0,17,2,2.4211217633419535,-3.6552958417073262,6.273409918189513,9.860527273623179,0.4504316588031148,0.7129629629629629,-0.16784706962145265,0.04469772250174792,-0.6623600026341749,-9.48905,87.87879
DG,Dollar General Corporation,Consumer Defensive,123.45,WATCH,11,0,11,0,0.9772837048804629,13.539873824814318,4.486220863720644,1.1345567928218603,0.05200544130611833,0.341796875,0.06639459935033959,0.30660930299520633,0.07217819881669872,20.89903,51.1571
DE,Deere & Company,Industrials,567.58,WATCH,3,0,3,0,4.541944474778867,58.44197178914989,4.824207243112112,0.7493977354854252,-0.11585969357456748,-0.2783825816485226,0.07182672758509448,0.3563992784647817,0.07771716688761872,20.85684,18.98453
AIR,AAR Corp.,Industrials,109.21,WATCH,11,0,11,2,1.782724331109314,-159.34978087349398,3.6651532349602722,2.844665095927297,0.1990598990900858,-0.7307692307692308,0.07479048037583781,0.19291683481601293,-0.011187491575684053,45.0332,61.05294
ARRY,"Array Technologies, Inc.",Energy,6.97,WATCH,16,0,16,0,1.2359721198840314,19.886014483856012,13.178557898724586,2.3050831273275123,0.40219609590230254,0.6256410256410256,0.06858066340458126,0.22065100327767745,0.06215283212669014,-13.63073,22.2807
BE,Bloom Energy Corporation,Industrials,166.69,AVOID,6,0,6,6,19.744061785756283,660.1120385542965,26.825137157107232,5.980082778696828,0.37326441660515003,-1.846153846153846,0.028708547632090683,0.3088818445113968,0.029910167717888493,96.26751,556.00157
MDLZ,"Mondelez International, Inc.",Consumer Defensive,56.49,WATCH,4,0,4,0,2.4176856733788306,28.800727293663062,4.163005543009649,0.5923435784851812,0.05751763123953788,-0.45058139534883723,0.05063370369356125,0.2837532760723461,0.08394529932272879,-11.3326,-11.66536
MRNA,"Moderna, Inc.",Healthcare,52.37,WATCH,9,0,9,2,10.295396515697375,-9.73902406523856,0.2661701293610349,3.2934071464519374,-0.3923100969052829,0.21682847896440127,-0.29697613757124913,0.14101904271744725,-1.0571281523417395,107.48811,61.38675
INTC,Intel Corporation,Technology,46.18,AVOID,11,0,11,4,4.975859459254915,-53.13984643362296,2.2516371743068135,2.017038796516231,-0.004670345191239336,0.986552511415525,-0.00020549188473473255,0.34766238434904356,-0.0936370688513424,56.119,92.7379
KMX,"CarMax, Inc.",Consumer Cyclical,42.38,WATCH,7,0,7,0,0.8154905921614377,11.64464940695116,15.459032087308113,1.9932215734096905,-0.0002141534747429157,0.06270627062706284,0.021449387009559315,0.11313894995798288,0.07003135634763194,-27.46877,-40.88436
QS,QuantumScape Corporation,Consumer Cyclical,6.89,WATCH,6,0,6,0,0.0,-14.56920224573991,0.4366955198221726,15.949728658239366,0.0,0.1914893617021276,-0.3766228074020179,0.0,,-48.65872,54.83146
PSX,Phillips 66,Energy,178.34,WATCH,8,0,8,0,0.7040246534648232,34.16441512751924,2.2335556695741405,1.2960378208014407,-0.07505694601657374,1.1636726546906189,0.0474970144918181,0.05097749016468953,0.020606957585459596,37.48073,38.44124
PLUG,Plug Power Inc.,Industrials,2.4,WATCH,15,0,15,0,4.499666850725224,-4.883909255335088,-0.5471398377225186,2.3096883659685417,0.12898090691365013,0.42448979591836744,-0.3782728506217682,-0.3409403044572691,-0.921324827198596,10.09174,50.9434
RTX,RTX Corporation,Industrials,200.73,WATCH,8,0,8,0,3.4029194462941432,37.97340953400504,2.417715793441387,1.0263336962438758,0.09741385716762863,0.40223463687150823,0.062061897403578446,0.20077198288996986,0.08961321851404577,26.85162,49.27493
SHEL,Shell plc,Energy,91.19,WATCH,9,0,9,0,1.2419507587584229,14.591371741706988,1.3076485279395518,1.3004064745011172,-0.05909818087171839,0.19215686274509813,0.06077574102593701,0.16429023343844443,0.08511542168503014,28.81763,26.74079
SEDG,"SolarEdge Technologies, Inc.",Energy,45.66,WATCH,14,0,14,2,2.300374561397584,33.723603819590565,0.1265235987952028,2.1653488820714504,0.3139232530484017,0.7819216182048041,-0.20682687083982798,0.15331666165728391,0.0682125959521936,28.80113,166.70561
RUN,Sunrun Inc.,Energy,13.08,WATCH,17,0,17,2,5.653171903792936,-15.257964559605545,22.850866995442747,1.655235448344165,0.45113089685084157,1.1530054644808743,-0.00476013725814067,0.28596511934235985,-0.3705062940544072,-21.10977,94.93294
SMCI,"Super Micro Computer, Inc.",Technology,30.79,WATCH,9,0,9,0,0.6865087224786733,43.76736261239255,0.684701172624868,1.696765113685341,0.4658532304249225,0.0,0.06761986925704754,0.08020285770752185,0.015685403037840145,-32.7876,-21.2532
TTE,TotalEnergies SE,Energy,90.06,WATCH,6,0,6,2,1.2391267046359902,21.291980729827078,0.909765331711894,0.9665741151563083,-0.029879724962936456,-0.11370262390670557,0.059273761149804816,0.2002025048006513,0.05819687329042843,48.76115,40.58695
STM,STMicroelectronics N.V.,Technology,32.42,WATCH,7,0,7,0,2.306889333937289,-2014.8839946398127,-0.3046722324098993,3.3634735908744346,-0.10795752535986133,-0.8901734104046243,0.006955344602716523,0.3388983050269816,-0.0011449241445533821,16.61871,32.86885
VLO,Valero Energy Corporation,Energy,242.07,AVOID,7,0,7,4,0.6430300124551573,14.771232943518518,0.9013677811550151,3.366928910624424,-0.05538916392697931,-0.11771561771561768,0.06922740769421878,0.05442379781530896,0.04353258897980571,48.85623,79.53719
XOM,Exxon Mobil Corporation,Energy,158.145,WATCH,4,0,4,2,2.218331937682345,30.43066264081823,0.8778733938465165,1.1527996681874741,-0.04522368657644725,-0.15051020408163263,0.06342165562697202,0.21683209583056762,0.07289791759929609,40.17461,36.44953
